,courses_names,courses_links,level,school
0,Curso Profesional de Git y GitHub,/cursos/git-github/,Cursos B√°sicos,Data_science
1,Curso B√°sico de Python,/cursos/pythonbasico/,Cursos B√°sicos,Data_science
2,Curso de Introducci√≥n al Pensamiento Computacional con Python,/cursos/python-cs/,Cursos B√°sicos,Data_science
3,Curso de POO y Algoritmos con Python,/cursos/poo-python/,Cursos B√°sicos,Data_science
4,Curso de Programaci√≥n Din√°mica y Estoc√°stica con Python,/cursos/programacion-estocastica/,Cursos B√°sicos,Data_science
5,Curso de Introducci√≥n al Pensamiento Probabil√≠stico,/cursos/probabilistica/,Cursos B√°sicos,Data_science
6,Curso de Introducci√≥n a la Terminal y L√≠nea de Comandos,/cursos/terminal/,Cursos B√°sicos,Data_science
7,Fundamentos de Bases de Datos,/cursos/bd/,Cursos B√°sicos,Data_science
8,Curso de SQL y MySQL,/cursos/sql-mysql/,Cursos B√°sicos,Data_science
9,Curso de SQL en Azure,/cursos/sql-azure/,Cursos B√°sicos,Data_science
10,Dise√±ar un Pipeline de transformaci√≥n de datos,,Cursos B√°sicos,Data_science
11,Curso de Ingenier√≠a de Datos con Python,/cursos/ingenieria-datos/,"Ingenier√≠a de Datos: Obteniendo, procesando y almacenando datos",Data_science
12,Curso de Web Scraping: Extracci√≥n de Datos en la Web,/cursos/webscraping/,"Ingenier√≠a de Datos: Obteniendo, procesando y almacenando datos",Data_science
13,Curso de Fundamentos de Web Scraping con Python y Xpath,/cursos/web-scraping/,"Ingenier√≠a de Datos: Obteniendo, procesando y almacenando datos",Data_science
14,Curso de Scrapy,/cursos/scrapy/,"Ingenier√≠a de Datos: Obteniendo, procesando y almacenando datos",Data_science
15,Curso de AWS Redshift para Manejo de Big Data,/cursos/redshift-big-data-2020/,"Ingenier√≠a de Datos: Obteniendo, procesando y almacenando datos",Data_science
16,Crea un Web Scrapper profesional,,"Ingenier√≠a de Datos: Obteniendo, procesando y almacenando datos",Data_science
17,Curso de Fundamentos de Estad√≠stica y An√°lisis de Datos con Python,/cursos/estadistica-python/,Cient√≠fico de Datos,Data_science
18,Curso Pr√°ctico de Regresi√≥n Lineal con Python,/cursos/regresion-python/,Cient√≠fico de Datos,Data_science
19,Fundamentos de R,/cursos/fundamentos-r/,Cient√≠fico de Datos,Data_science
20,Curso de PostgreSQL Aplicado a Ciencia de Datos,/cursos/postgresql-datos/,Cient√≠fico de Datos,Data_science
21,Curso de Manipulaci√≥n y An√°lisis de Datos con Pandas y Python,/cursos/pandas/,Cient√≠fico de Datos,Data_science
22,Desarrolla un reporte de an√°lisis exploratorio de datos,,Cient√≠fico de Datos,Data_science
23,Curso de Fundamentos de √Ålgebra Lineal con Python,/cursos/algebra-lineal/,Ingeniero en Machine Learning,Data_science
24,Curso de Introducci√≥n a Machine Learning,/cursos/machine-learning/,Ingeniero en Machine Learning,Data_science
25,Curso de √Ålgebra Lineal Aplicada para Machine Learning,/cursos/algebra-ml/,Ingeniero en Machine Learning,Data_science
26,Curso de TensorFlow.js,/cursos/tensorflow-js/,Ingeniero en Machine Learning,Data_science
27,Curso de Redes Neuronales en Keras y Scikit-Learn,/cursos/keras-neural-networks/,Ingeniero en Machine Learning,Data_science
28,Curso de Fundamentos de Procesamiento de Lenguaje Natural con Python y NLTK,/cursos/python-lenguaje-natural/,Ingeniero en Machine Learning,Data_science
29,Desarrolla un reporte de an√°lisis exploratorio de datos,,Ingeniero en Machine Learning,Data_science
30,Curso de Tecnolog√≠a para Gerentes y Directores no T√©cnicos,/cursos/tecnologia-gerentes/,Aprende las bases y crea tu propuesta de valor,Startups
31,Curso para Comenzar tu Camino Emprendedor,/cursos/camino-emprendedor/,Aprende las bases y crea tu propuesta de valor,Startups
32,Curso de Microsoft Teams,/cursos/microsoft-teams/,Aprende las bases y crea tu propuesta de valor,Startups
33,Introducci√≥n a la Creaci√≥n de Empresas y Startups,/cursos/creacion-de-empresas/,Aprende las bases y crea tu propuesta de valor,Startups
34,Curso de Business Model Canvas,/cursos/canvas/,Aprende las bases y crea tu propuesta de valor,Startups
35,Curso de Trabajo Remoto o Teletrabajo,/cursos/teletrabajo-trabajo-remoto/,Haz crecer tu startup,Startups
36,Taller de Creaci√≥n de Startups,/cursos/taller-startups-2020/,Haz crecer tu startup,Startups
37,Curso de Finanzas para Startups,/cursos/financiera-startups/,Haz crecer tu startup,Startups
38,Curso de Internacionalizaci√≥n para Startups,/cursos/internacionalizacion-startups/,Haz crecer tu startup,Startups
39,Curso de Log√≠stica para Startups,/cursos/logistica-startups/,Haz crecer tu startup,Startups
40,Curso de Excel Financiero,/cursos/excel-financiero/,Profundiza en tem√°ticas √∫tiles,Startups
41,Curso de Estrategia Comercial,/cursos/estrategia-comercial/,Profundiza en tem√°ticas √∫tiles,Startups
42,Curso de Estrategia Comercial B2B,/cursos/comercial-b2b/,Profundiza en tem√°ticas √∫tiles,Startups
43,Curso B√°sico de Seguridad Inform√°tica para Empresas,/cursos/seguridad-empresas/,Profundiza en tem√°ticas √∫tiles,Startups
44,Curso de Reclutamiento de Talento,/cursos/reclutamiento-talento/,Profundiza en tem√°ticas √∫tiles,Startups
45,Curso de Trabajo Remoto o Teletrabajo,/cursos/teletrabajo-trabajo-remoto/,Profundiza en tem√°ticas √∫tiles,Startups
46,Fundamentos de Ingenier√≠a de Software,/clases/ingenieria/,Bases y Fundamentos,Web_development
47,Curso Profesional de Git y GitHub,/clases/git-github/,Bases y Fundamentos,Web_development
48,Curso de Desarrollo Web Online,/clases/html5-css3/,Bases y Fundamentos,Web_development
49,Curso Definitivo de HTML y CSS,/clases/html-css-2020/,Bases y Fundamentos,Web_development
50,Curso Pr√°ctico de HTML y CSS,/clases/html-practico/,Bases y Fundamentos,Web_development
51,Curso de Prework: Buenas Pr√°cticas y Entorno de Desarrollo,/clases/prework/,Bases y Fundamentos,Web_development
52,Curso de Responsive Design,/clases/responsive-design/,Bases y Fundamentos,Web_development
53,Curso de Sistemas de Dise√±o,/clases/sistemas-diseno/,Bases y Fundamentos,Web_development
54,Curso de CSS Grid Layout,/clases/css-grid-layout/,Bases y Fundamentos,Web_development
55,Curso B√°sico de JavaScript,/clases/basico-javascript/,Bases y Fundamentos,Web_development
56,Curso de JavaScript Engine (V8) y el Navegador,/clases/javascript-navegador/,Bases y Fundamentos,Web_development
57,Curso de Debugging con Chrome DevTools,/clases/devtools/,Bases y Fundamentos,Web_development
58,Curso de ECMAScript 6+,/clases/ecmascript-6/,Bases y Fundamentos,Web_development
59,Curso de Closures y Scope en JavaScript,/clases/scope/,Bases y Fundamentos,Web_development
60,Curso de Asincronismo con JavaScript,/clases/asincronismo-js/,Bases y Fundamentos,Web_development
61,Curso Profesional de JavaScript,/clases/javascript-profesional/,Bases y Fundamentos,Web_development
62,Curso de Accesibilidad Web,/clases/accesibilidad-web/,Bases y Fundamentos,Web_development
63,Curso de Single Page Application con JavaScript Vanilla,/clases/spa-javascript/,Bases y Fundamentos,Web_development
64,Taller de Creaci√≥n de Router para Single Page App con JavaScript,/clases/singlepage-app/,Bases y Fundamentos,Web_development
65,Curso de Gesti√≥n de Dependencias y Paquetes con NPM,/clases/npm/,Bases y Fundamentos,Web_development
66,Curso de Webpack,/clases/webpack/,Bases y Fundamentos,Web_development
67,Curso de Postman,/clases/postman/,Bases y Fundamentos,Web_development
68,Curso de JavaScript Testing con Jest 2019,/clases/js-jest-2019/,Bases y Fundamentos,Web_development
69,Curso de Frontend Developer,/clases/frontend-developer/,Bases y Fundamentos,Web_development
70,Curso de Preprocesadores CSS,/clases/preprocesadores/,Frameworks y Librer√≠as,Web_development
71,Curso de Sass,/clases/sass/,Frameworks y Librer√≠as,Web_development
72,Curso de React.js,/clases/react/,Frameworks y Librer√≠as,Web_development
73,Curso de React Avanzado,/clases/react-avanzado/,Frameworks y Librer√≠as,Web_development
74,Curso Pr√°ctico de React JS,/clases/react-ejs/,Frameworks y Librer√≠as,Web_development
75,Curso de React Router y Redux,/clases/react-router-redux/,Frameworks y Librer√≠as,Web_development
76,Curso de Fundamentos de TypeScript,/clases/typescript/,Frameworks y Librer√≠as,Web_development
77,Curso de Angular,/clases/angular/,Frameworks y Librer√≠as,Web_development
78,Curso Profesional de Angular,/clases/angular-profesional/,Frameworks y Librer√≠as,Web_development
79,Curso B√°sico de Vue.js,/clases/vuejs/,Frameworks y Librer√≠as,Web_development
80,Curso Avanzado de Vue.js,/clases/avanzado-vue/,Frameworks y Librer√≠as,Web_development
81,Curso Profesional de Vue.js,/clases/vuejs-profesional/,Frameworks y Librer√≠as,Web_development
82,Curso de Svelte,/clases/svelte/,Frameworks y Librer√≠as,Web_development
83,Curso de Sapper,/clases/sapper/,Frameworks y Librer√≠as,Web_development
84,Curso Pr√°ctico de Svelte y Sapper,/clases/svelte-sapper-practico/,Frameworks y Librer√≠as,Web_development
85,Curso de Fundamentos de Node.js,/clases/fundamentos-node/,Backend y Despliegue de Aplicaciones,Web_development
86,Curso de Node.js,/clases/backend-js/,Backend y Despliegue de Aplicaciones,Web_development
87,Curso Pr√°ctico de Node.js,/clases/practico-node/,Backend y Despliegue de Aplicaciones,Web_development
88,Curso Avanzado de Node.js,/clases/nodejs/,Backend y Despliegue de Aplicaciones,Web_development
89,Curso de Backend con Node.js,/clases/backend-nodejs/,Backend y Despliegue de Aplicaciones,Web_development
90,Curso de Server Side Render con Express,/clases/ssr/,Backend y Despliegue de Aplicaciones,Web_development
91,Curso de Autenticaci√≥n con Passport.js,/clases/passport/,Backend y Despliegue de Aplicaciones,Web_development
92,Curso de Integraci√≥n de Backend y Frontend,/clases/bff/,Backend y Despliegue de Aplicaciones,Web_development
93,Curso de Next.js,/clases/next-2020/,Backend y Despliegue de Aplicaciones,Web_development
94,Curso de Estrategias para Aprender Ingl√©s Online,/cursos/estrategias-ingles/,Primer contacto con el ingl√©s,English_School
95,Curso de Ingl√©s B√°sico: Pronunciaci√≥n,/cursos/pronunciacion-ingles/,Primer contacto con el ingl√©s,English_School
96,Curso de Ingl√©s para Principiantes,/cursos/ingles-principiantes/,Primer contacto con el ingl√©s,English_School
97,Taller de Ingl√©s para Principiantes,/cursos/taller-principiantes/,Primer contacto con el ingl√©s,English_School
98,Curso de Ingl√©s B√°sico: Fundamentos,/cursos/ingles-basico/,Primer contacto con el ingl√©s,English_School
99,Curso de Ingl√©s B√°sico: Gram√°tica,/cursos/ingles-gramatica/,Primer contacto con el ingl√©s,English_School
100,Curso de Ingl√©s B√°sico: Conversaci√≥n,/cursos/ingles-conversacion/,Primer contacto con el ingl√©s,English_School
101,Curso de Ingl√©s Pr√°ctico: Fundamentos,/cursos/ingles-1/,Pr√°ctica tus conocimientos,English_School
102,Curso de Ingl√©s Pr√°ctico: Gram√°tica,/cursos/ingles-2/,Pr√°ctica tus conocimientos,English_School
103,Curso de Ingl√©s Pr√°ctico: Conversaci√≥n,/cursos/ingles-facil-speaking/,Pr√°ctica tus conocimientos,English_School
104,Curso de Ingl√©s Intermedio: Gram√°tica,/cursos/intermedio-gramatica/,Pr√°ctica tus conocimientos,English_School
105,Curso de Ingl√©s T√©cnico para Profesionales,/cursos/ingles/,Convi√©rtete en un Profesional,English_School
106,Curso de Escritura en Ingl√©s,/cursos/escritura-ingles/,Convi√©rtete en un Profesional,English_School
107,Curso de Ingl√©s para Entrevistas de Trabajo,/cursos/entrevistas-ingles/,Convi√©rtete en un Profesional,English_School
108,Curso de Ingl√©s para Developers,/cursos/ingles-developers/,Convi√©rtete en un Profesional,English_School
109,Curso Gratis de Programaci√≥n B√°sica,/cursos/programacion-basica/,Aprende a programar,Marketing
110,Curso de Excel para el An√°lisis de Datos - 2018,/cursos/excel-2018/,Aprende a programar,Marketing
111,Fundamentos de Bases de Datos,/cursos/bd/,Aprende a programar,Marketing
112,Curso de Introducci√≥n al Marketing Digital,/cursos/introduccion-marketing/,Ahora las bases de Marketing,Marketing
113,Curso de Growth Marketing,/cursos/growth-marketing/,Ahora las bases de Marketing,Marketing
114,Curso de Marketing M√≥vil,/cursos/movil/,Ahora las bases de Marketing,Marketing
115,Curso de Facebook Ads,/cursos/facebook-ads/,Empieza a medir tus campa√±as,Marketing
116,Curso de Introducci√≥n a Google Tag Manager üìÉ,/cursos/gtm/,Empieza a medir tus campa√±as,Marketing
117,Curso de Instagram Ads y Optimizaci√≥n de Campa√±as,/cursos/instagram/,Empieza a medir tus campa√±as,Marketing
118,Curso de Google Analytics,/cursos/google-analytics/,Empieza a medir tus campa√±as,Marketing
119,Curso Profesional de Google Ads,/cursos/google-adwords/,Empieza a medir tus campa√±as,Marketing
120,Curso de Facebook Analytics,/cursos/fb-analytics/,Empieza a medir tus campa√±as,Marketing
121,Curso de Google Data Studio,/cursos/data-studio/,Empieza a medir tus campa√±as,Marketing
